Opponent,Team,Week
Kansas City Chiefs,Detroit Lions,1
Atlanta Falcons,Carolina Panthers,1
Cleveland Browns,Cincinnati Bengals,1
Indianapolis Colts,Jacksonville Jaguars,1
Minnesota Vikings,Tampa Bay Buccaneers,1
New Orleans Saints,Tennessee Titans,1
Pittsburgh Steelers,San Francisco 49ers,1
Baltimore Ravens,Houston Texans,1
Washington Commanders,Arizona Cardinals,1
Chicago Bears,Green Bay Packers,1
Denver Broncos,Las Vegas Raiders,1
New England Patriots,Philadelphia Eagles,1
Los Angeles Chargers,Miami Dolphins,1
Seattle Seahawks,Los Angeles Rams,1
New York Giants,Dallas Cowboys,1
New York Jets,Buffalo Bills,1
Philadelphia Eagles,Minnesota Vikings,2
Atlanta Falcons,Green Bay Packers,2
Buffalo Bills,Las Vegas Raiders,2
Cincinnati Bengals,Baltimore Ravens,2
Detroit Lions,Seattle Seahawks,2
Houston Texans,Indianapolis Colts,2
Jacksonville Jaguars,Kansas City Chiefs,2
Tennessee Titans,Los Angeles Chargers,2
Tampa Bay Buccaneers,Chicago Bears,2
Arizona Cardinals,New York Giants,2
Los Angeles Rams,San Francisco 49ers,2
Dallas Cowboys,New York Jets,2
Denver Broncos,Washington Commanders,2
New England Patriots,Miami Dolphins,2
Carolina Panthers,New Orleans Saints,2
Pittsburgh Steelers,Cleveland Browns,2
San Francisco 49ers,New York Giants,3
Cleveland Browns,Tennessee Titans,3
Detroit Lions,Atlanta Falcons,3
Green Bay Packers,New Orleans Saints,3
Jacksonville Jaguars,Houston Texans,3
Miami Dolphins,Denver Broncos,3
Minnesota Vikings,Los Angeles Chargers,3
New York Jets,New England Patriots,3
Baltimore Ravens,Indianapolis Colts,3
Washington Commanders,Buffalo Bills,3
Seattle Seahawks,Carolina Panthers,3
Arizona Cardinals,Dallas Cowboys,3
Kansas City Chiefs,Chicago Bears,3
Las Vegas Raiders,Pittsburgh Steelers,3
Tampa Bay Buccaneers,Philadelphia Eagles,3
Cincinnati Bengals,Los Angeles Rams,3
Green Bay Packers,Detroit Lions,4
Jacksonville Jaguars,Atlanta Falcons,4
Buffalo Bills,Miami Dolphins,4
Carolina Panthers,Minnesota Vikings,4
Chicago Bears,Denver Broncos,4
Cleveland Browns,Baltimore Ravens,4
Indianapolis Colts,Los Angeles Rams,4
Houston Texans,Pittsburgh Steelers,4
New Orleans Saints,Tampa Bay Buccaneers,4
Tennessee Titans,Cincinnati Bengals,4
Philadelphia Eagles,Washington Commanders,4
Los Angeles Chargers,Las Vegas Raiders,4
Dallas Cowboys,New England Patriots,4
San Francisco 49ers,Arizona Cardinals,4
New York Jets,Kansas City Chiefs,4
New York Giants,Seattle Seahawks,4
Washington Commanders,Chicago Bears,5
Buffalo Bills,Jacksonville Jaguars,5
Atlanta Falcons,Houston Texans,5
Indianapolis Colts,Tennessee Titans,5
Detroit Lions,Carolina Panthers,5
Miami Dolphins,New York Giants,5
New England Patriots,New Orleans Saints,5
Pittsburgh Steelers,Baltimore Ravens,5
Arizona Cardinals,Cincinnati Bengals,5
Los Angeles Rams,Philadelphia Eagles,5
Denver Broncos,New York Jets,5
Minnesota Vikings,Kansas City Chiefs,5
San Francisco 49ers,Dallas Cowboys,5
Las Vegas Raiders,Green Bay Packers,5
Kansas City Chiefs,Denver Broncos,6
Tennessee Titans,Baltimore Ravens,6
Atlanta Falcons,Washington Commanders,6
Chicago Bears,Minnesota Vikings,6
Cincinnati Bengals,Seattle Seahawks,6
Cleveland Browns,San Francisco 49ers,6
Houston Texans,New Orleans Saints,6
Jacksonville Jaguars,Indianapolis Colts,6
Miami Dolphins,Carolina Panthers,6
Tampa Bay Buccaneers,Detroit Lions,6
Las Vegas Raiders,New England Patriots,6
New York Jets,Philadelphia Eagles,6
Los Angeles Rams,Arizona Cardinals,6
Buffalo Bills,New York Giants,6
Los Angeles Chargers,Dallas Cowboys,6
New Orleans Saints,Jacksonville Jaguars,7
Chicago Bears,Las Vegas Raiders,7
Indianapolis Colts,Cleveland Browns,7
New England Patriots,Buffalo Bills,7
New York Giants,Washington Commanders,7
Baltimore Ravens,Detroit Lions,7
Tampa Bay Buccaneers,Atlanta Falcons,7
Los Angeles Rams,Pittsburgh Steelers,7
Seattle Seahawks,Arizona Cardinals,7
Denver Broncos,Green Bay Packers,7
Kansas City Chiefs,Los Angeles Chargers,7
Philadelphia Eagles,Miami Dolphins,7
Minnesota Vikings,San Francisco 49ers,7
Buffalo Bills,Tampa Bay Buccaneers,8
Carolina Panthers,Houston Texans,8
Indianapolis Colts,New Orleans Saints,8
Dallas Cowboys,Los Angeles Rams,8
Green Bay Packers,Minnesota Vikings,8
Miami Dolphins,New England Patriots,8
New York Giants,New York Jets,8
Tennessee Titans,Atlanta Falcons,8
Pittsburgh Steelers,Jacksonville Jaguars,8
Washington Commanders,Philadelphia Eagles,8
Seattle Seahawks,Cleveland Browns,8
Arizona Cardinals,Baltimore Ravens,8
Denver Broncos,Kansas City Chiefs,8
San Francisco 49ers,Cincinnati Bengals,8
Los Angeles Chargers,Chicago Bears,8
Detroit Lions,Las Vegas Raiders,8
Pittsburgh Steelers,Tennessee Titans,9
Kansas City Chiefs,Miami Dolphins,9
Atlanta Falcons,Minnesota Vikings,9
Cleveland Browns,Arizona Cardinals,9
Green Bay Packers,Los Angeles Rams,9
Houston Texans,Tampa Bay Buccaneers,9
New Orleans Saints,Chicago Bears,9
New England Patriots,Washington Commanders,9
Baltimore Ravens,Seattle Seahawks,9
Carolina Panthers,Indianapolis Colts,9
Philadelphia Eagles,Dallas Cowboys,9
Las Vegas Raiders,New York Giants,9
Cincinnati Bengals,Buffalo Bills,9
New York Jets,Los Angeles Chargers,9
Chicago Bears,Carolina Panthers,10
New England Patriots,Indianapolis Colts,10
Cincinnati Bengals,Houston Texans,10
Jacksonville Jaguars,San Francisco 49ers,10
Minnesota Vikings,New Orleans Saints,10
Pittsburgh Steelers,Green Bay Packers,10
Baltimore Ravens,Cleveland Browns,10
Tampa Bay Buccaneers,Tennessee Titans,10
Arizona Cardinals,Atlanta Falcons,10
Los Angeles Chargers,Detroit Lions,10
Dallas Cowboys,New York Giants,10
Seattle Seahawks,Washington Commanders,10
Las Vegas Raiders,New York Jets,10
Buffalo Bills,Denver Broncos,10
Baltimore Ravens,Cincinnati Bengals,11
Carolina Panthers,Dallas Cowboys,11
Cleveland Browns,Pittsburgh Steelers,11
Detroit Lions,Chicago Bears,11
Green Bay Packers,Los Angeles Chargers,11
Houston Texans,Arizona Cardinals,11
Jacksonville Jaguars,Tennessee Titans,11
Miami Dolphins,Las Vegas Raiders,11
Washington Commanders,New York Giants,11
San Francisco 49ers,Tampa Bay Buccaneers,11
Buffalo Bills,New York Jets,11
Los Angeles Rams,Seattle Seahawks,11
Denver Broncos,Minnesota Vikings,11
Kansas City Chiefs,Philadelphia Eagles,11
Detroit Lions,Green Bay Packers,12
Dallas Cowboys,Washington Commanders,12
Seattle Seahawks,San Francisco 49ers,12
New York Jets,Miami Dolphins,12
Atlanta Falcons,New Orleans Saints,12
Cincinnati Bengals,Pittsburgh Steelers,12
Indianapolis Colts,Tampa Bay Buccaneers,12
Houston Texans,Jacksonville Jaguars,12
New York Giants,New England Patriots,12
Tennessee Titans,Carolina Panthers,12
Arizona Cardinals,Los Angeles Rams,12
Denver Broncos,Cleveland Browns,12
Philadelphia Eagles,Buffalo Bills,12
Las Vegas Raiders,Kansas City Chiefs,12
Los Angeles Chargers,Baltimore Ravens,12
Minnesota Vikings,Chicago Bears,12
Dallas Cowboys,Seattle Seahawks,13
New Orleans Saints,Detroit Lions,13
New England Patriots,Los Angeles Chargers,13
New York Jets,Atlanta Falcons,13
Tennessee Titans,Indianapolis Colts,13
Pittsburgh Steelers,Arizona Cardinals,13
Tampa Bay Buccaneers,Carolina Panthers,13
Washington Commanders,Miami Dolphins,13
Houston Texans,Denver Broncos,13
Philadelphia Eagles,San Francisco 49ers,13
Los Angeles Rams,Cleveland Browns,13
Green Bay Packers,Kansas City Chiefs,13
Jacksonville Jaguars,Cincinnati Bengals,13
Pittsburgh Steelers,New England Patriots,14
Atlanta Falcons,Tampa Bay Buccaneers,14
Chicago Bears,Detroit Lions,14
Cincinnati Bengals,Indianapolis Colts,14
Cleveland Browns,Jacksonville Jaguars,14
New Orleans Saints,Carolina Panthers,14
New York Jets,Houston Texans,14
Baltimore Ravens,Los Angeles Rams,14
Las Vegas Raiders,Minnesota Vikings,14
San Francisco 49ers,Seattle Seahawks,14
Kansas City Chiefs,Buffalo Bills,14
Los Angeles Chargers,Denver Broncos,14
Dallas Cowboys,Philadelphia Eagles,14
Miami Dolphins,Tennessee Titans,14
New York Giants,Green Bay Packers,14
Las Vegas Raiders,Los Angeles Chargers,15
Carolina Panthers,Atlanta Falcons,15
Cincinnati Bengals,Minnesota Vikings,15
Cleveland Browns,Chicago Bears,15
Indianapolis Colts,Pittsburgh Steelers,15
Detroit Lions,Denver Broncos,15
Green Bay Packers,Tampa Bay Buccaneers,15
Miami Dolphins,New York Jets,15
New Orleans Saints,New York Giants,15
Tennessee Titans,Houston Texans,15
Arizona Cardinals,San Francisco 49ers,15
Los Angeles Rams,Washington Commanders,15
Buffalo Bills,Dallas Cowboys,15
Seattle Seahawks,Philadelphia Eagles,15
Jacksonville Jaguars,Baltimore Ravens,15
New England Patriots,Kansas City Chiefs,15
Los Angeles Rams,New Orleans Saints,16
Pittsburgh Steelers,Cincinnati Bengals,16
Los Angeles Chargers,Buffalo Bills,16
Atlanta Falcons,Indianapolis Colts,16
Carolina Panthers,Green Bay Packers,16
Houston Texans,Cleveland Browns,16
Minnesota Vikings,Detroit Lions,16
New York Jets,Washington Commanders,16
Tennessee Titans,Seattle Seahawks,16
Tampa Bay Buccaneers,Jacksonville Jaguars,16
Chicago Bears,Arizona Cardinals,16
Miami Dolphins,Dallas Cowboys,16
Denver Broncos,New England Patriots,16
Kansas City Chiefs,Las Vegas Raiders,16
Philadelphia Eagles,New York Giants,16
San Francisco 49ers,Baltimore Ravens,16
Cleveland Browns,New York Jets,17
Dallas Cowboys,Detroit Lions,17
Buffalo Bills,New England Patriots,17
Chicago Bears,Atlanta Falcons,17
Indianapolis Colts,Las Vegas Raiders,17
Houston Texans,Tennessee Titans,17
Jacksonville Jaguars,Carolina Panthers,17
New York Giants,Los Angeles Rams,17
Philadelphia Eagles,Arizona Cardinals,17
Baltimore Ravens,Miami Dolphins,17
Tampa Bay Buccaneers,New Orleans Saints,17
Washington Commanders,San Francisco 49ers,17
Seattle Seahawks,Pittsburgh Steelers,17
Denver Broncos,Los Angeles Chargers,17
Kansas City Chiefs,Cincinnati Bengals,17
Minnesota Vikings,Green Bay Packers,17
Carolina Panthers,Tampa Bay Buccaneers,18
Cincinnati Bengals,Cleveland Browns,18
Indianapolis Colts,Houston Texans,18
Arizona Cardinals,Seattle Seahawks,18
Detroit Lions,Minnesota Vikings,18
Green Bay Packers,Chicago Bears,18
Miami Dolphins,Buffalo Bills,18
New Orleans Saints,Atlanta Falcons,18
New England Patriots,New York Jets,18
New York Giants,Philadelphia Eagles,18
Tennessee Titans,Jacksonville Jaguars,18
Las Vegas Raiders,Denver Broncos,18
Baltimore Ravens,Pittsburgh Steelers,18
Los Angeles Chargers,Kansas City Chiefs,18
San Francisco 49ers,Los Angeles Rams,18
Washington Commanders,Dallas Cowboys,18